{
  "type": "directory",
  "rights": {
    "read": ["user1", "admin"],
    "write": ["user1", "admin"],
    "delete": ["admin"]
  },
  "files": {
    "secure": {
      "type": "directory",
      "rights": {
        "read": ["admin"],
        "write": ["admin"],
        "delete": ["admin"]
      },
      "files": {
        "operation": {
          "type": "file",
          "rights": {
            "read": ["admin"],
            "write": ["admin"],
            "delete": ["admin"]
          },
          "content": "{\"admin\": [[],[],[],[]], \"user1\": [[],[],[],[]]}"
        },
        "register": {
          "type": "file",
          "rights": {
            "read": ["admin"],
            "write": ["admin"],
            "delete": ["admin"]
          },
          "content": "[{\"login\": \"admin\", \"password\": \"four\"}, {\"login\": \"user1\", \"password\": \"1234\", \"time\": 1635412052066}, {\"login\": \"user2\", \"password\": \"1234\", \"time\": 1635412052066}, {\"login\": \"user3\", \"password\": \"1234\", \"time\": 1635412052066}, {\"login\": \"user4\", \"password\": \"1234\", \"time\": 1635412052066}, {\"login\": \"user5\", \"password\": \"1234\", \"time\": 1635412052066}, {\"login\": \"user6\", \"password\": \"1234\", \"time\": 1635412052066}, {\"login\": \"user7\", \"password\": \"1234\", \"time\": 1635412052066}]"
        }
      }
    },

    "A": {
      "type": "directory",
      "rights": {
        "read": ["admin", "user1"],
        "write": ["admin"],
        "delete": ["admin"]
      },
      "files": {

      }
    },

    "B": {
      "type": "directory",
      "rights": {
        "read": ["admin"],
        "write": ["admin"],
        "delete": ["admin"]
      },
      "files": {

      }
    },

    "C": {
      "type": "directory",
      "rights": {
        "read": ["admin"],
        "write": ["admin"],
        "delete": ["admin"]
      },
      "files": {

      }
    },

    "D": {
      "type": "directory",
      "rights": {
        "read": ["admin"],
        "write": ["admin"],
        "delete": ["admin"]
      },
      "files": {

      }
    },

    "E": {
      "type": "directory",
      "rights": {
        "read": ["admin"],
        "write": ["admin"],
        "delete": ["admin"]
      },
      "files": {

      }
    }
  }
}
