{
  "type": "directory",
  "rights": {
    "read": ["user", "admin"],
    "write": ["user", "admin"],
    "delete": ["admin"]
  },
  "files": {
    "file1.txt": {
      "type": "file",
      "rights": {
        "read": [
          "user",
          "admin"
        ],
        "write": [
          "user",
          "admin"
        ],
        "delete": [
          "user",
          "admin"
        ]
      },
      "content": "file content"
    },
    "dir1": {
      "type": "directory",
      "rights": {
        "read": ["user", "admin"],
        "write": ["user", "admin"],
        "delete": ["user", "admin"]
      },
      "files": {
        "myFile1.txt": {
          "type": "file",
          "rights": {
            "read": ["user", "admin"],
            "write": ["user", "admin"],
            "delete": ["user", "admin"]
          },
          "content": "some content in file"
        }
      }
    },

    "dir2": {
      "type": "directory",
      "rights": {
        "read": ["admin"],
        "write": ["admin"],
        "delete": ["admin"]
      },
      "files": {
        "myFile2.txt": {
          "type": "file",
          "rights": {
            "read": ["user", "admin"],
            "write": ["admin"],
            "delete": ["admin"]
          },
          "content": "some content in file"
        }
      }
    }
  }
}
